Category,Section,Standard Ref,Assessment Question,Compliance,Notes,Owner,Priority
Mandatory Clauses,4 - Context of the organization,4.1,"Has the organisation addressed the AIMS requirement for understanding the organisation and its context, with documented evidence available for review?",Fully Compliant,,M. Karim,
Mandatory Clauses,4 - Context of the organization,4.2,"Has the organisation addressed the AIMS requirement for understanding the needs and expectations of interested parties, with documented evidence available for review?",Partially Compliant,Understanding the needs and expectations of interested parties is partly in place but lacks consistent evidence or full documentation.,A. Rahman,High
Mandatory Clauses,4 - Context of the organization,4.3,"Has the organisation addressed the AIMS requirement for determining the scope of the AI management system, with documented evidence available for review?",Not Compliant,Gap identified during review — determining the scope of the AI management system not yet formally established. Remediation plan required.,S. Chowdhury,Medium
Mandatory Clauses,4 - Context of the organization,4.4,"Has the organisation addressed the AIMS requirement for AI management system, with documented evidence available for review?",Not Compliant,Gap identified during review — AI management system not yet formally established. Remediation plan required.,A. Rahman,Low
Mandatory Clauses,5 - Leadership,5.1,"Has the organisation addressed the AIMS requirement for leadership and commitment, with documented evidence available for review?",Fully Compliant,,A. Rahman,
Mandatory Clauses,5 - Leadership,5.2,"Has the organisation addressed the AIMS requirement for AI policy, with documented evidence available for review?",Fully Compliant,,N. Islam,
Mandatory Clauses,5 - Leadership,5.3,"Has the organisation addressed the AIMS requirement for roles, responsibilities and authorities, with documented evidence available for review?",Partially Compliant,"Roles, responsibilities and authorities is partly in place but lacks consistent evidence or full documentation.",S. Chowdhury,High
Mandatory Clauses,6 - Planning,6.1.1,"Has the organisation addressed the AIMS requirement for actions to address risks and opportunities, general, with documented evidence available for review?",Fully Compliant,,N. Islam,
Mandatory Clauses,6 - Planning,6.1.2,"Has the organisation addressed the AIMS requirement for AI risk assessment process, with documented evidence available for review?",Fully Compliant,,S. Chowdhury,
Mandatory Clauses,6 - Planning,6.1.3,"Has the organisation addressed the AIMS requirement for AI risk treatment process, with documented evidence available for review?",Fully Compliant,,A. Rahman,
Mandatory Clauses,6 - Planning,6.1.4,"Has the organisation addressed the AIMS requirement for AI system impact assessment process, with documented evidence available for review?",Not Compliant,Gap identified during review — AI system impact assessment process not yet formally established. Remediation plan required.,N. Islam,High
Mandatory Clauses,6 - Planning,6.2,"Has the organisation addressed the AIMS requirement for AI objectives and planning to achieve them, with documented evidence available for review?",Fully Compliant,,A. Rahman,
Mandatory Clauses,6 - Planning,6.3,"Has the organisation addressed the AIMS requirement for planning of changes to the AIMS, with documented evidence available for review?",Not Compliant,Gap identified during review — planning of changes to the AIMS not yet formally established. Remediation plan required.,M. Karim,Medium
Mandatory Clauses,7 - Support,7.1,"Has the organisation addressed the AIMS requirement for resources, with documented evidence available for review?",Partially Compliant,Resources is partly in place but lacks consistent evidence or full documentation.,M. Karim,Low
Mandatory Clauses,7 - Support,7.2,"Has the organisation addressed the AIMS requirement for competence, with documented evidence available for review?",Fully Compliant,,AI Governance Team,
Mandatory Clauses,7 - Support,7.3,"Has the organisation addressed the AIMS requirement for awareness, with documented evidence available for review?",Not Compliant,Gap identified during review — awareness not yet formally established. Remediation plan required.,M. Karim,High
Mandatory Clauses,7 - Support,7.4,"Has the organisation addressed the AIMS requirement for communication, with documented evidence available for review?",Not Compliant,Gap identified during review — communication not yet formally established. Remediation plan required.,T. Ahmed,Medium
Mandatory Clauses,7 - Support,7.5.1,"Has the organisation addressed the AIMS requirement for documented information, general, with documented evidence available for review?",Fully Compliant,,S. Chowdhury,
Mandatory Clauses,7 - Support,7.5.2,"Has the organisation addressed the AIMS requirement for creating and updating documented information, with documented evidence available for review?",Not Compliant,Gap identified during review — creating and updating documented information not yet formally established. Remediation plan required.,A. Rahman,Low
Mandatory Clauses,7 - Support,7.5.3,"Has the organisation addressed the AIMS requirement for control of documented information, with documented evidence available for review?",Fully Compliant,,R. Hasan,
Mandatory Clauses,8 - Operation,8.1,"Has the organisation addressed the AIMS requirement for operational planning and control, with documented evidence available for review?",Not Compliant,Gap identified during review — operational planning and control not yet formally established. Remediation plan required.,N. Islam,Medium
Mandatory Clauses,8 - Operation,8.2,"Has the organisation addressed the AIMS requirement for AI risk assessment (operational), with documented evidence available for review?",Partially Compliant,AI risk assessment (operational) is partly in place but lacks consistent evidence or full documentation.,R. Hasan,Medium
Mandatory Clauses,8 - Operation,8.3,"Has the organisation addressed the AIMS requirement for AI risk treatment (operational), with documented evidence available for review?",Fully Compliant,,T. Ahmed,
Mandatory Clauses,8 - Operation,8.4,"Has the organisation addressed the AIMS requirement for AI system impact assessment (performed), with documented evidence available for review?",Fully Compliant,,T. Ahmed,
Mandatory Clauses,9 - Performance evaluation,9.1,"Has the organisation addressed the AIMS requirement for monitoring, measurement, analysis and evaluation, with documented evidence available for review?",Fully Compliant,,AI Governance Team,
Mandatory Clauses,9 - Performance evaluation,9.2.1,"Has the organisation addressed the AIMS requirement for internal audit, general, with documented evidence available for review?",Not Compliant,"Gap identified during review — internal audit, general not yet formally established. Remediation plan required.",R. Hasan,Medium
Mandatory Clauses,9 - Performance evaluation,9.2.2,"Has the organisation addressed the AIMS requirement for internal audit programme, with documented evidence available for review?",Partially Compliant,Internal audit programme is partly in place but lacks consistent evidence or full documentation.,AI Governance Team,Low
Mandatory Clauses,9 - Performance evaluation,9.3.1,"Has the organisation addressed the AIMS requirement for management review, general, with documented evidence available for review?",Fully Compliant,,S. Chowdhury,
Mandatory Clauses,9 - Performance evaluation,9.3.2,"Has the organisation addressed the AIMS requirement for management review inputs, with documented evidence available for review?",Not Compliant,Gap identified during review — management review inputs not yet formally established. Remediation plan required.,N. Islam,High
Mandatory Clauses,9 - Performance evaluation,9.3.3,"Has the organisation addressed the AIMS requirement for management review results, with documented evidence available for review?",Fully Compliant,,M. Karim,
Mandatory Clauses,10 - Improvement,10.1,"Has the organisation addressed the AIMS requirement for continual improvement, with documented evidence available for review?",Partially Compliant,Continual improvement is partly in place but lacks consistent evidence or full documentation.,N. Islam,High
Mandatory Clauses,10 - Improvement,10.2,"Has the organisation addressed the AIMS requirement for nonconformity and corrective action, with documented evidence available for review?",Fully Compliant,,GRC Office,
Annex A Controls,A.2 - Policies related to AI,A.2.2,"Has the organisation implemented, documented and evidenced its approach to AI policy?",Fully Compliant,,GRC Office,
Annex A Controls,A.2 - Policies related to AI,A.2.3,"Has the organisation implemented, documented and evidenced its approach to alignment with other organisational policies?",Not Applicable,,R. Hasan,
Annex A Controls,A.2 - Policies related to AI,A.2.4,"Has the organisation implemented, documented and evidenced its approach to review of the AI policy?",Not Compliant,Control gap — review of the AI policy has not been implemented; risk accepted temporarily pending remediation.,R. Hasan,High
Annex A Controls,A.3 - Internal organization,A.3.2,"Has the organisation implemented, documented and evidenced its approach to AI roles and responsibilities?",Fully Compliant,,AI Governance Team,
Annex A Controls,A.3 - Internal organization,A.3.3,"Has the organisation implemented, documented and evidenced its approach to reporting of concerns?",Partially Compliant,Reporting of concerns is partially implemented; coverage or evidence is incomplete.,S. Chowdhury,High
Annex A Controls,A.4 - Resources for AI systems,A.4.2,"Has the organisation implemented, documented and evidenced its approach to resource documentation?",Fully Compliant,,R. Hasan,
Annex A Controls,A.4 - Resources for AI systems,A.4.3,"Has the organisation implemented, documented and evidenced its approach to data resources?",Fully Compliant,,N. Islam,
Annex A Controls,A.4 - Resources for AI systems,A.4.4,"Has the organisation implemented, documented and evidenced its approach to tooling resources?",Partially Compliant,Tooling resources is partially implemented; coverage or evidence is incomplete.,A. Rahman,Medium
Annex A Controls,A.4 - Resources for AI systems,A.4.5,"Has the organisation implemented, documented and evidenced its approach to system and computing resources?",Partially Compliant,System and computing resources is partially implemented; coverage or evidence is incomplete.,M. Karim,Low
Annex A Controls,A.4 - Resources for AI systems,A.4.6,"Has the organisation implemented, documented and evidenced its approach to human resources?",Fully Compliant,,R. Hasan,
Annex A Controls,A.5 - Assessing impacts of AI systems,A.5.2,"Has the organisation implemented, documented and evidenced its approach to AI system impact assessment process?",Fully Compliant,,T. Ahmed,
Annex A Controls,A.5 - Assessing impacts of AI systems,A.5.3,"Has the organisation implemented, documented and evidenced its approach to documentation of AI system impact assessments?",Fully Compliant,,M. Karim,
Annex A Controls,A.5 - Assessing impacts of AI systems,A.5.4,"Has the organisation implemented, documented and evidenced its approach to assessing AI system impact on individuals or groups?",Fully Compliant,,N. Islam,
Annex A Controls,A.5 - Assessing impacts of AI systems,A.5.5,"Has the organisation implemented, documented and evidenced its approach to assessing societal impacts of AI systems?",Partially Compliant,Assessing societal impacts of AI systems is partially implemented; coverage or evidence is incomplete.,R. Hasan,High
Annex A Controls,A.6 - AI system life cycle,A.6.1.2,"Has the organisation implemented, documented and evidenced its approach to objectives for responsible development of AI systems?",Fully Compliant,,R. Hasan,
Annex A Controls,A.6 - AI system life cycle,A.6.1.3,"Has the organisation implemented, documented and evidenced its approach to processes for responsible design and development?",Partially Compliant,Processes for responsible design and development is partially implemented; coverage or evidence is incomplete.,AI Governance Team,High
Annex A Controls,A.6 - AI system life cycle,A.6.2.2,"Has the organisation implemented, documented and evidenced its approach to AI system requirements and specification?",Partially Compliant,AI system requirements and specification is partially implemented; coverage or evidence is incomplete.,AI Governance Team,Low
Annex A Controls,A.6 - AI system life cycle,A.6.2.3,"Has the organisation implemented, documented and evidenced its approach to documentation of AI system design and development?",Partially Compliant,Documentation of AI system design and development is partially implemented; coverage or evidence is incomplete.,GRC Office,Low
Annex A Controls,A.6 - AI system life cycle,A.6.2.4,"Has the organisation implemented, documented and evidenced its approach to AI system verification and validation?",Partially Compliant,AI system verification and validation is partially implemented; coverage or evidence is incomplete.,T. Ahmed,High
Annex A Controls,A.6 - AI system life cycle,A.6.2.5,"Has the organisation implemented, documented and evidenced its approach to AI system deployment?",Fully Compliant,,M. Karim,
Annex A Controls,A.6 - AI system life cycle,A.6.2.6,"Has the organisation implemented, documented and evidenced its approach to AI system operation and monitoring?",Fully Compliant,,T. Ahmed,
Annex A Controls,A.6 - AI system life cycle,A.6.2.7,"Has the organisation implemented, documented and evidenced its approach to AI system technical documentation?",Fully Compliant,,A. Rahman,
Annex A Controls,A.6 - AI system life cycle,A.6.2.8,"Has the organisation implemented, documented and evidenced its approach to AI system recording of event logs?",Partially Compliant,AI system recording of event logs is partially implemented; coverage or evidence is incomplete.,M. Karim,Medium
Annex A Controls,A.7 - Data for AI systems,A.7.2,"Has the organisation implemented, documented and evidenced its approach to data for development and enhancement of AI systems?",Fully Compliant,,A. Rahman,
Annex A Controls,A.7 - Data for AI systems,A.7.3,"Has the organisation implemented, documented and evidenced its approach to acquisition of data?",Fully Compliant,,N. Islam,
Annex A Controls,A.7 - Data for AI systems,A.7.4,"Has the organisation implemented, documented and evidenced its approach to quality of data for AI systems?",Not Compliant,Control gap — quality of data for AI systems has not been implemented; risk accepted temporarily pending remediation.,GRC Office,Low
Annex A Controls,A.7 - Data for AI systems,A.7.5,"Has the organisation implemented, documented and evidenced its approach to data provenance?",Not Compliant,Control gap — data provenance has not been implemented; risk accepted temporarily pending remediation.,GRC Office,High
Annex A Controls,A.7 - Data for AI systems,A.7.6,"Has the organisation implemented, documented and evidenced its approach to data preparation?",Not Compliant,Control gap — data preparation has not been implemented; risk accepted temporarily pending remediation.,A. Rahman,Medium
Annex A Controls,A.8 - Information for interested parties,A.8.2,"Has the organisation implemented, documented and evidenced its approach to system documentation and information for users?",Not Compliant,Control gap — system documentation and information for users has not been implemented; risk accepted temporarily pending remediation.,N. Islam,Medium
Annex A Controls,A.8 - Information for interested parties,A.8.3,"Has the organisation implemented, documented and evidenced its approach to external reporting?",Partially Compliant,External reporting is partially implemented; coverage or evidence is incomplete.,N. Islam,High
Annex A Controls,A.8 - Information for interested parties,A.8.4,"Has the organisation implemented, documented and evidenced its approach to communication of incidents?",Partially Compliant,Communication of incidents is partially implemented; coverage or evidence is incomplete.,N. Islam,High
Annex A Controls,A.8 - Information for interested parties,A.8.5,"Has the organisation implemented, documented and evidenced its approach to information for interested parties?",Fully Compliant,,S. Chowdhury,
Annex A Controls,A.9 - Use of AI systems,A.9.2,"Has the organisation implemented, documented and evidenced its approach to processes for responsible use of AI systems?",Fully Compliant,,R. Hasan,
Annex A Controls,A.9 - Use of AI systems,A.9.3,"Has the organisation implemented, documented and evidenced its approach to objectives for responsible use of AI systems?",Fully Compliant,,S. Chowdhury,
Annex A Controls,A.9 - Use of AI systems,A.9.4,"Has the organisation implemented, documented and evidenced its approach to intended use of the AI system?",Fully Compliant,,A. Rahman,
Annex A Controls,A.10 - Third-party and customer relationships,A.10.2,"Has the organisation implemented, documented and evidenced its approach to allocation of responsibilities?",Fully Compliant,,A. Rahman,
Annex A Controls,A.10 - Third-party and customer relationships,A.10.3,"Has the organisation implemented, documented and evidenced its approach to suppliers?",Not Compliant,Control gap — suppliers has not been implemented; risk accepted temporarily pending remediation.,M. Karim,Low
Annex A Controls,A.10 - Third-party and customer relationships,A.10.4,"Has the organisation implemented, documented and evidenced its approach to customers?",Fully Compliant,,GRC Office,
